"customer_key","customer_id","full_name","city","acquisition_channel","signup_date"
"1501","1","Megan Ramos","New Rebeccatown","Direct","2025-02-19"
"1502","2","Edward Page","Gregorytown","Paid Ads","2025-01-07"
"1503","3","Christopher Singleton","West Kennethborough","Referral","2025-09-26"
"1504","4","Melissa Lewis","Port Williammouth","Referral","2025-07-18"
"1505","5","Nicole James","Josephbury","Organic Search","2025-06-26"
"1506","6","Barbara Taylor","Daybury","Paid Ads","2026-01-25"
"1507","7","Michelle Johnson","South Danielle","Paid Ads","2026-04-03"
"1508","8","David Jimenez","East Devin","Paid Ads","2025-08-23"
"1509","9","Joseph Phillips","East Daniel","Paid Ads","2025-05-12"
"1510","10","Steven Davis","Aguilarburgh","Referral","2025-12-09"
"1511","11","Vanessa Davis","East Kathymouth","Referral","2025-07-02"
"1512","12","Anthony Brown","West Nicole","Organic Search","2025-06-26"
"1513","13","Emily Rush","New Lawrencehaven","Organic Search","2025-05-28"
"1514","14","Tony Petty","New Kaylahaven","Organic Search","2026-02-06"
"1515","15","Craig Garcia","Nelsonville","Instagram","2025-02-23"
"1516","16","Jennifer Burton","Parkview","Instagram","2025-05-25"
"1517","17","Janice Gonzalez","Jodibury","Direct","2026-06-10"
"1518","18","Albert Hunter","Whitechester","Direct","2025-10-05"
"1519","19","Brandon Perkins","Port Anthonyhaven","Paid Ads","2025-06-21"
"1520","20","Brandon Hudson","South Larry","Organic Search","2025-05-04"
"1521","21","Joshua Hicks","East Pedro","Direct","2025-10-31"
"1522","22","Sheena Cummings","Hintonton","Paid Ads","2025-10-08"
"1523","23","Debra Johnston","Wilsonland","Organic Search","2025-10-19"
"1524","24","Anthony Harrison","Anthonyside","Paid Ads","2025-09-22"
"1525","25","Victoria Hill","Jennifertown","Instagram","2026-01-22"
"1526","26","Sarah Smith","West Craigshire","Paid Ads","2025-08-15"
"1527","27","Jacob Collins","New Nancy","Paid Ads","2025-06-19"
"1528","28","Darius Jones","Scotthaven","Paid Ads","2025-09-17"
"1529","29","Kenneth Shea","East Alyssa","Referral","2026-09-05"
"1530","30","Lawrence Turner","Moyertown","Paid Ads","2025-09-15"
"1531","31","Jonathan Alvarado","Landrychester","Paid Ads","2026-02-04"
"1532","32","George Hansen","South Jacobside","Direct","2026-01-25"
"1533","33","Jared Bishop","Martinezfurt","Direct","2026-08-03"
"1534","34","James Adams","Port Lauraborough","Instagram","2026-02-04"
"1535","35","Luis Martinez","Port Monicaport","Paid Ads","2025-12-13"
"1536","36","Richard Brown","Port Andrewmouth","Organic Search","2025-12-10"
"1537","37","Christopher May","New Angelastad","Referral","2025-08-01"
"1538","38","Kenneth Garcia","East Jeremyhaven","Organic Search","2025-06-23"
"1539","39","Emma Howard","Port Patriciaville","Instagram","2025-01-25"
"1540","40","Susan Wilson","Lake Lance","Direct","2025-01-16"
"1541","41","Jason Camacho","Kristintown","Organic Search","2026-03-27"
"1542","42","Melissa Nelson","South Justin","Paid Ads","2025-02-23"
"1543","43","Rachael Shaw","North Whitney","Instagram","2026-03-15"
"1544","44","Erica Yang","Williamville","Instagram","2025-01-20"
"1545","45","Brian Horn","Jamesfort","Paid Ads","2025-11-02"
"1546","46","Mark Russell","Bentontown","Referral","2026-07-17"
"1547","47","Clayton Lewis","Bryantstad","Instagram","2026-08-13"
"1548","48","John Bishop","Richardville","Referral","2025-03-20"
"1549","49","Christina Berger","New Dakotaview","Direct","2025-01-06"
"1550","50","Paul Waters","Elizabethfurt","Referral","2025-02-19"
"1551","51","John Freeman","Port Erin","Organic Search","2026-01-29"
"1552","52","Carrie Wu","North Jessicamouth","Referral","2026-05-22"
"1553","53","Larry Anderson","Richardburgh","Paid Ads","2025-09-22"
"1554","54","Troy Pierce","New Christopher","Organic Search","2025-11-09"
"1555","55","Juan Sullivan","Port Carlos","Instagram","2025-08-21"
"1556","56","Maria Miller","Michaelstad","Direct","2026-05-05"
"1557","57","Amber Morris","New Christina","Paid Ads","2025-10-21"
"1558","58","Johnny Robertson","South Katelynhaven","Paid Ads","2026-06-16"
"1559","59","Nicole Green","New Kellychester","Instagram","2025-12-22"
"1560","60","Karen Jensen","Fletcherfurt","Direct","2026-09-07"
"1561","61","Nicholas Ray","Reyesbury","Paid Ads","2026-07-16"
"1562","62","Megan Woods","Mackchester","Direct","2026-08-16"
"1563","63","Michael Buchanan","South Jessicaside","Organic Search","2025-10-22"
"1564","64","Perry Mcpherson","Lauriemouth","Paid Ads","2026-02-18"
"1565","65","Jordan Patterson","South Cathy","Referral","2026-01-20"
"1566","66","Joseph Jenkins","Dillonbury","Referral","2025-03-17"
"1567","67","Brian Hayes","South Andrew","Instagram","2025-05-31"
"1568","68","Craig Mitchell","Amandaland","Organic Search","2025-02-06"
"1569","69","Scott Baker","Erinview","Organic Search","2026-07-19"
"1570","70","Christopher Kelly","Port Shannonton","Paid Ads","2026-04-27"
"1571","71","Joshua Williams","Port Stephanie","Direct","2025-08-25"
"1572","72","Derrick Fischer","Gregoryhaven","Organic Search","2025-07-28"
"1573","73","Meghan Stone","West Anitaport","Direct","2025-03-19"
"1574","74","Marvin Lam","Amandamouth","Instagram","2026-04-12"
"1575","75","Meghan Cordova","Adamfort","Instagram","2025-09-14"
"1576","76","Zachary Gilbert","East Sylviatown","Paid Ads","2026-04-18"
"1577","77","Monica Phillips","Lake Derekside","Direct","2025-06-17"
"1578","78","Kimberly Nash","Sarahborough","Paid Ads","2026-01-14"
"1579","79","Gary Wallace","East Justinshire","Direct","2025-12-23"
"1580","80","Lisa Foster","Williamsbury","Referral","2025-07-28"
"1581","81","Patricia Cole","Dennisberg","Instagram","2025-05-24"
"1582","82","Kevin Reyes","Harrismouth","Referral","2026-01-15"
"1583","83","Xavier Allen","New Davidburgh","Instagram","2026-07-02"
"1584","84","Jeffrey Hoffman","Port Noahfurt","Instagram","2026-07-01"
"1585","85","Tyler Rose","East Amandamouth","Direct","2025-11-04"
"1586","86","Sean Duffy","Schmidtside","Instagram","2026-01-30"
"1587","87","Zachary Koch","Laurashire","Organic Search","2026-05-15"
"1588","88","Allison Nichols","Lake Paulview","Instagram","2026-01-07"
"1589","89","Daniel Jimenez","Julieview","Referral","2026-05-28"
"1590","90","Amanda Hill","Tracyview","Instagram","2025-04-05"
"1591","91","Kimberly Ellison","Smithtown","Direct","2025-01-24"
"1592","92","David Thompson","Taylorburgh","Organic Search","2025-03-09"
"1593","93","Joseph Allen","East Cindyborough","Instagram","2026-06-15"
"1594","94","Carla Turner","West Zachary","Organic Search","2026-02-24"
"1595","95","Amber West","Taylormouth","Paid Ads","2026-01-28"
"1596","96","Debbie Schwartz","Scottside","Paid Ads","2026-07-24"
"1597","97","Wendy Johnson","Port Anthony","Paid Ads","2025-09-19"
"1598","98","Kimberly Turner","Lake Erica","Referral","2025-05-03"
"1599","99","Grant Davis","New Sarahburgh","Instagram","2025-11-17"
"1600","100","Zachary Spears","South Markport","Referral","2026-08-06"
"1601","101","Anna Hendricks","Dawnport","Paid Ads","2025-07-24"
"1602","102","Robert Taylor","Hudsonmouth","Referral","2026-05-11"
"1603","103","Jeffrey Day","East Mark","Referral","2026-01-24"
"1604","104","Katherine Sanchez","New Christopherstad","Instagram","2025-09-21"
"1605","105","Michael Ortiz","Crystalbury","Referral","2025-03-03"
"1606","106","Joshua Park","East Lindsayton","Organic Search","2026-03-08"
"1607","107","Jennifer Leon","South Tanyaville","Referral","2026-06-14"
"1608","108","Jeffrey Bowen","Patrickhaven","Paid Ads","2026-08-19"
"1609","109","Nicole Hunter","Whiteburgh","Organic Search","2025-03-14"
"1610","110","James Marsh","Port Richardmouth","Referral","2026-03-11"
"1611","111","Brenda Phillips","Leeshire","Organic Search","2026-08-11"
"1612","112","Steven Cooper","Rickyfurt","Referral","2026-07-27"
"1613","113","John Wong","Martinezhaven","Referral","2025-10-12"
"1614","114","Ryan Monroe","Jimenezmouth","Referral","2025-08-20"
"1615","115","Craig Middleton","Carlosmouth","Instagram","2026-05-13"
"1616","116","Brett Bartlett","North Deborah","Referral","2026-03-19"
"1617","117","Destiny Gomez","Christopherfort","Paid Ads","2025-02-23"
"1618","118","Kathryn Calderon","Dustinport","Referral","2025-04-14"
"1619","119","Christina Williamson","Bradfordmouth","Direct","2026-07-02"
"1620","120","Daniel Johnson","New Susanstad","Referral","2026-01-02"
"1621","121","Claudia Coleman","Williemouth","Referral","2026-01-20"
"1622","122","Nicole Cochran","North Tamaraland","Direct","2025-04-16"
"1623","123","Alexandra Thomas","East Melissa","Instagram","2025-02-14"
"1624","124","John Martinez","Karenfort","Referral","2026-06-30"
"1625","125","Natalie Brown","North Brittany","Organic Search","2025-12-25"
"1626","126","Michele Gilbert","North Laura","Direct","2025-09-23"
"1627","127","Michael Brewer","East Karen","Paid Ads","2025-04-07"
"1628","128","Barbara Arellano","New Crystalstad","Referral","2025-10-07"
"1629","129","Michael Parker","Walshtown","Referral","2025-07-29"
"1630","130","Robert Joseph","West Amanda","Instagram","2025-11-19"
"1631","131","Kathleen Curry","Charlesmouth","Organic Search","2026-06-18"
"1632","132","Harry Lopez","Kellyfort","Referral","2026-02-02"
"1633","133","Ashley Humphrey","Ortizside","Referral","2026-08-23"
"1634","134","Sean Lewis","Port Adam","Referral","2026-01-03"
"1635","135","Brandon Gordon","Baldwinville","Organic Search","2026-06-18"
"1636","136","Kristin Smith","Samuelville","Organic Search","2025-03-26"
"1637","137","Mary Quinn","North Kimberg","Organic Search","2025-09-21"
"1638","138","Stephen Miller","Coleborough","Organic Search","2025-11-22"
"1639","139","Kayla Gilbert","East Paulmouth","Paid Ads","2025-01-28"
"1640","140","Krystal Maldonado","North Jamesstad","Instagram","2026-06-23"
"1641","141","Nicole Wilson","Jimenezmouth","Referral","2025-03-09"
"1642","142","Mary Whitehead","Rhondahaven","Instagram","2026-02-24"
"1643","143","John Buchanan","East Ronald","Direct","2025-07-14"
"1644","144","Gerald Myers","North Annaborough","Paid Ads","2026-02-10"
"1645","145","Meghan Griffin","Barbaraview","Referral","2025-08-14"
"1646","146","Gary Crawford","Chrismouth","Direct","2026-08-18"
"1647","147","Alvin Simmons","Arielmouth","Organic Search","2025-03-02"
"1648","148","Christopher Russell","East Dawn","Referral","2025-06-30"
"1649","149","John Ellis","North Jennifermouth","Direct","2025-08-23"
"1650","150","David Williams","Gordonberg","Referral","2026-01-07"
"1651","151","Raymond Casey","Port Antonio","Organic Search","2025-08-14"
"1652","152","Nicole Duran","Tinamouth","Instagram","2025-09-25"
"1653","153","Justin Jacobs","Maloneburgh","Referral","2026-08-05"
"1654","154","Trevor Valenzuela","Robertsonville","Organic Search","2025-04-20"
"1655","155","Brendan Bass","Port Michael","Organic Search","2025-04-16"
"1656","156","Jasmine Martinez","Coltonfurt","Referral","2025-12-03"
"1657","157","Melissa Graham","West Louis","Referral","2025-03-03"
"1658","158","Ethan Russell","South Whitney","Instagram","2025-02-04"
"1659","159","Jill Boone","Carneyfurt","Paid Ads","2025-08-18"
"1660","160","Amy Holmes","South Taylor","Paid Ads","2026-01-05"
"1661","161","Cindy Moore","Stevensonbury","Paid Ads","2025-08-01"
"1662","162","Samuel Rodriguez","North Ginaport","Organic Search","2025-04-11"
"1663","163","Gabrielle Reyes","Lake Seanburgh","Organic Search","2025-05-09"
"1664","164","Kathleen Smith","Lucasborough","Instagram","2026-05-18"
"1665","165","Joshua Baldwin","West Rickystad","Instagram","2025-06-09"
"1666","166","Tim Dawson","Billton","Paid Ads","2025-10-02"
"1667","167","Michael Conway","Roymouth","Direct","2026-01-06"
"1668","168","Tyrone Phillips","Port Lindatown","Instagram","2025-03-20"
"1669","169","David Rush","Barbarachester","Organic Search","2025-02-11"
"1670","170","Jonathan Riley","West Kendra","Referral","2026-06-26"
"1671","171","Christina Solomon","Jenniferburgh","Instagram","2025-10-12"
"1672","172","Christopher White","Atkinsonport","Instagram","2025-10-12"
"1673","173","Elizabeth King","Weavermouth","Paid Ads","2025-11-23"
"1674","174","Eric Carlson","Catherineland","Instagram","2025-05-04"
"1675","175","David Robinson","Brenttown","Paid Ads","2026-07-27"
"1676","176","Billy Williams","Baileyview","Instagram","2025-03-25"
"1677","177","Deborah Golden","North Logan","Direct","2025-05-09"
"1678","178","Joshua Hernandez","East Meganfurt","Paid Ads","2025-08-08"
"1679","179","Calvin Newman","Douglasshire","Organic Search","2026-07-20"
"1680","180","Derek Rich","Johnsonville","Direct","2025-06-05"
"1681","181","Brandi Rivera","Adamchester","Direct","2025-08-05"
"1682","182","Timothy Montgomery","Luisfort","Instagram","2025-01-27"
"1683","183","Nichole Bradley","South Robertberg","Organic Search","2026-01-05"
"1684","184","Amy Kelley","Port Steveland","Paid Ads","2026-05-06"
"1685","185","Rachel Leach","Lake Tammybury","Organic Search","2025-03-06"
"1686","186","Stephanie Trujillo","Port Monicaport","Direct","2025-11-29"
"1687","187","Yvette Mendez","South Jessica","Instagram","2026-01-22"
"1688","188","Emily Bradley","North Lisaburgh","Instagram","2026-03-19"
"1689","189","Stuart Cunningham","Lake Lauren","Organic Search","2025-03-25"
"1690","190","Jeremiah Williams","South Jeremy","Instagram","2026-06-10"
"1691","191","Peter Pham","West Steven","Instagram","2025-07-06"
"1692","192","Juan Ruiz","Nancyhaven","Organic Search","2025-09-24"
"1693","193","Lisa Hopkins","Lake George","Organic Search","2025-07-20"
"1694","194","Dalton Anderson","Lake Timothy","Referral","2025-01-24"
"1695","195","Bob Lewis","New Jenniferstad","Referral","2025-07-09"
"1696","196","Jaime Soto","North Miguel","Direct","2026-07-03"
"1697","197","Elizabeth Fisher","Yorkborough","Paid Ads","2025-03-18"
"1698","198","Heather Waters","New Jeremyberg","Organic Search","2026-05-27"
"1699","199","Nicholas Medina","South Katiebury","Instagram","2025-10-14"
"1700","200","Travis Lopez","Wigginsfort","Paid Ads","2025-03-13"
"1701","201","Cassandra Morris","Michaelstad","Referral","2025-08-07"
"1702","202","Christopher Perez","Port Kristen","Referral","2025-02-05"
"1703","203","Sarah Carrillo","South Gary","Direct","2025-07-17"
"1704","204","Phyllis Stewart","New Vanessa","Paid Ads","2025-07-23"
"1705","205","Kim Williams","North Robert","Organic Search","2025-05-07"
"1706","206","Jeff Williams","Patriciafort","Instagram","2025-01-25"
"1707","207","Gregory Knox","Jesseshire","Organic Search","2025-02-27"
"1708","208","Juan Williams","North Michelle","Instagram","2026-05-18"
"1709","209","Sarah Medina","Maxwellhaven","Instagram","2026-01-13"
"1710","210","Suzanne Hunter","Kimberlyburgh","Referral","2025-01-02"
"1711","211","James Delgado","New Benjamin","Organic Search","2026-08-03"
"1712","212","Mark Rios","East Walter","Referral","2026-07-29"
"1713","213","Andrew Goodman","Stevenberg","Organic Search","2025-02-20"
"1714","214","Justin Dean","Matthewchester","Organic Search","2026-08-24"
"1715","215","Danielle Martinez","New Emilyfurt","Instagram","2026-02-23"
"1716","216","William Burch","New Lawrence","Direct","2025-01-31"
"1717","217","Joel Davis","West Erin","Instagram","2025-02-15"
"1718","218","Amy Rogers","West Douglas","Referral","2025-03-08"
"1719","219","Susan Burns","Martintown","Direct","2026-07-05"
"1720","220","Karen Callahan","Lake Shaneland","Organic Search","2025-07-23"
"1721","221","Anna Davis","East Kimberly","Referral","2025-01-15"
"1722","222","Daniel Carroll","Martinville","Referral","2025-11-03"
"1723","223","Alice Graves","Pricechester","Paid Ads","2026-07-29"
"1724","224","Raymond Thompson","West Lindabury","Referral","2026-01-26"
"1725","225","Sharon Kelley","West Alisonton","Paid Ads","2026-02-07"
"1726","226","Carla Moore","South Michellefort","Organic Search","2025-03-07"
"1727","227","Jillian Fisher","South Charles","Instagram","2026-07-22"
"1728","228","Natalie Johnson","West Alisonmouth","Instagram","2026-05-23"
"1729","229","Thomas Christensen","Jasonborough","Organic Search","2026-01-30"
"1730","230","Jesse Anderson","Angelchester","Instagram","2026-04-13"
"1731","231","Anita Edwards","Franciscofurt","Referral","2025-02-02"
"1732","232","Mary Nelson","Lake Tiffany","Organic Search","2026-04-02"
"1733","233","Alison Vincent","East Kristinfort","Paid Ads","2025-06-24"
"1734","234","Melissa Taylor","West Charlesshire","Instagram","2025-07-27"
"1735","235","Sean Khan","South Patriciabury","Organic Search","2025-04-18"
"1736","236","William Holmes","Sandraview","Referral","2025-02-07"
"1737","237","William Scott","East Carlaview","Paid Ads","2025-11-11"
"1738","238","Brenda Holt","Fisherland","Direct","2026-09-22"
"1739","239","Megan Scott","Melanieport","Direct","2026-04-06"
"1740","240","Rebecca Lynch","East Melissahaven","Paid Ads","2026-01-22"
"1741","241","Keith Palmer","Samanthamouth","Paid Ads","2026-06-12"
"1742","242","Jose Espinoza","North Caitlin","Organic Search","2026-02-23"
"1743","243","Caitlyn Bryan","South Tinaberg","Paid Ads","2026-09-16"
"1744","244","Connie Moore","Dawsonbury","Direct","2026-04-20"
"1745","245","Lori Garcia","West Donald","Direct","2025-06-08"
"1746","246","Melanie Hoffman","South Jennifer","Instagram","2026-04-24"
"1747","247","Megan Brown","Kellyland","Instagram","2026-02-26"
"1748","248","Brooke Snow","East Michael","Instagram","2025-10-11"
"1749","249","Cynthia Glover","West Cynthia","Organic Search","2025-11-04"
"1750","250","William Armstrong","Port Tracy","Referral","2025-10-28"
"1751","251","Nathaniel Henry","Emilybury","Paid Ads","2026-06-09"
"1752","252","Nicholas Maxwell","New Randyborough","Direct","2025-07-28"
"1753","253","Harold Lee","Port Michaelview","Direct","2026-02-02"
"1754","254","Jennifer Stevens","Kennethmouth","Direct","2025-12-01"
"1755","255","Eric White","South Christina","Organic Search","2026-04-22"
"1756","256","Andrew Allen","Port Terryville","Instagram","2025-02-19"
"1757","257","Leslie Matthews","Lake Kaylee","Instagram","2026-08-07"
"1758","258","Scott Camacho","Robertstown","Instagram","2025-05-12"
"1759","259","Stephen Moore","Kaitlinborough","Instagram","2025-05-18"
"1760","260","Robin Lawrence","North Devonberg","Referral","2025-07-18"
"1761","261","Nicole Gonzalez","Holtview","Direct","2026-06-29"
"1762","262","Danny Whitaker","Murphyhaven","Direct","2026-03-15"
"1763","263","Alyssa Allen","North Vanessa","Organic Search","2026-04-05"
"1764","264","Tyler Anderson","Parsonstown","Referral","2026-02-20"
"1765","265","Chelsea Powell","Port Emily","Instagram","2026-03-25"
"1766","266","Stephanie Sullivan","Williammouth","Direct","2026-07-17"
"1767","267","Jillian Owens","South Stephanie","Referral","2025-05-16"
"1768","268","Christina Macdonald","West Jose","Referral","2026-04-29"
"1769","269","Diana Moore","New Patricia","Instagram","2026-06-16"
"1770","270","Jessica Munoz","Callahanchester","Direct","2025-12-11"
"1771","271","Todd Jones","Lake Jennifer","Organic Search","2025-07-06"
"1772","272","Amanda Pierce","Hancockville","Referral","2026-08-11"
"1773","273","James Miller","Monicaberg","Direct","2025-11-26"
"1774","274","Sara Rogers","Lake Justin","Organic Search","2026-01-29"
"1775","275","Joshua Simmons","Hallville","Direct","2025-04-21"
"1776","276","Sarah Padilla","Port Lauraberg","Direct","2025-06-20"
"1777","277","Eric Taylor","Lopezport","Direct","2026-01-24"
"1778","278","Karen Francis","East Michealmouth","Direct","2025-07-28"
"1779","279","Kayla Yu","Port Rogerfurt","Instagram","2025-07-15"
"1780","280","Brandon Kane","Lake Thomaschester","Instagram","2026-03-14"
"1781","281","Stephen Hammond","Harveyborough","Direct","2025-08-01"
"1782","282","David Bennett","Davidmouth","Instagram","2025-08-01"
"1783","283","Sarah Duran","Rebeccahaven","Referral","2025-10-06"
"1784","284","Kelli Clark","West Daniel","Organic Search","2026-06-21"
"1785","285","Johnny Jones","Andreafurt","Organic Search","2025-03-11"
"1786","286","Holly Williams","North Mitchell","Direct","2025-04-30"
"1787","287","Mariah Williams","Guzmanside","Referral","2025-08-08"
"1788","288","John Bowman","Stephanieborough","Referral","2025-10-29"
"1789","289","Andrew Clay","West Tiffany","Instagram","2026-03-15"
"1790","290","Kimberly Myers","Gordonberg","Referral","2026-01-10"
"1791","291","Marcus Brown","Hayesmouth","Paid Ads","2026-01-29"
"1792","292","Steven Downs","East Geraldhaven","Instagram","2025-06-30"
"1793","293","Andrew Clark","Woodmouth","Instagram","2025-04-26"
"1794","294","Christopher King","Lawrencefort","Instagram","2026-02-20"
"1795","295","Lee Tucker","Stanleyville","Instagram","2025-12-06"
"1796","296","Allen Bell","Halefort","Instagram","2025-07-16"
"1797","297","Jennifer Brown","South Kathy","Referral","2026-01-26"
"1798","298","Edward Howell","Skinnertown","Organic Search","2025-06-10"
"1799","299","Joseph Jackson","West Johnbury","Direct","2026-02-24"
"1800","300","Cynthia Carroll","Port Sarah","Organic Search","2026-04-21"
"1801","301","Gina Lopez","East Mark","Instagram","2025-05-13"
"1802","302","Glenn Cervantes","North Anthonychester","Paid Ads","2025-09-24"
"1803","303","Stephen Reyes","Johnborough","Organic Search","2026-07-08"
"1804","304","Robert Bailey","South Nicolehaven","Direct","2026-07-23"
"1805","305","Derrick Garcia","Santanaland","Referral","2026-03-07"
"1806","306","Karen Blair","Hunterberg","Direct","2025-12-13"
"1807","307","Trevor Goodwin","East Willie","Paid Ads","2026-03-27"
"1808","308","Allison Weber","Diaztown","Referral","2026-03-09"
"1809","309","Michael Gentry","Christopherborough","Instagram","2026-04-14"
"1810","310","Molly Johnson","New Jenniferfort","Organic Search","2025-09-22"
"1811","311","Sara Cabrera","West Donald","Direct","2025-04-12"
"1812","312","Diane Sloan","North Jefferyborough","Paid Ads","2025-08-04"
"1813","313","Victoria James","Griffithville","Referral","2026-01-20"
"1814","314","Amy Santos","West Sherylville","Organic Search","2025-12-19"
"1815","315","Linda Hester","Aaronshire","Referral","2025-12-26"
"1816","316","Debra Poole","Jenniferstad","Referral","2025-06-06"
"1817","317","Jennifer Vincent","East Craigborough","Direct","2025-10-14"
"1818","318","Stephen Garcia","Lake Christopherborough","Paid Ads","2026-05-24"
"1819","319","Amy Ramirez","West Laura","Organic Search","2026-05-14"
"1820","320","Ryan Juarez","North David","Referral","2025-01-07"
"1821","321","Brian Morrow","West Alexander","Paid Ads","2026-06-03"
"1822","322","Lindsey Sawyer","Jennifertown","Paid Ads","2025-04-14"
"1823","323","Diana Cardenas","South Sarah","Instagram","2025-06-24"
"1824","324","Darin Matthews","New Randy","Instagram","2025-07-01"
"1825","325","Cheryl Farmer","Millerstad","Direct","2025-07-01"
"1826","326","Michael Wright","North Jamesport","Direct","2026-06-01"
"1827","327","Rachel White","Perezton","Instagram","2026-06-02"
"1828","328","James Jones","South Jennifermouth","Organic Search","2025-07-07"
"1829","329","Jennifer Brown","West Morgan","Direct","2025-02-20"
"1830","330","Sarah Cruz","Port Maryburgh","Organic Search","2025-08-22"
"1831","331","Shawn Hardin","Johnhaven","Referral","2025-12-09"
"1832","332","Lisa Warren","Debraview","Direct","2026-02-16"
"1833","333","Daniel Perez","Johnsonton","Organic Search","2025-08-18"
"1834","334","Patricia Keller","South Teresa","Instagram","2026-04-12"
"1835","335","Jeffrey Burns","East Thomas","Referral","2025-01-21"
"1836","336","William Dixon","South Jessicahaven","Referral","2025-07-19"
"1837","337","Adriana Dennis","Lake Williamburgh","Referral","2025-09-28"
"1838","338","Catherine Lin","Smithtown","Referral","2026-03-10"
"1839","339","Randy Harvey","Smithland","Instagram","2025-10-07"
"1840","340","Morgan Koch","South Luisview","Referral","2025-09-01"
"1841","341","Ryan Flynn","Wrightberg","Direct","2026-03-31"
"1842","342","Timothy Freeman","Jennifershire","Organic Search","2025-07-07"
"1843","343","David Ramirez","Chadmouth","Direct","2025-09-11"
"1844","344","Antonio Nelson","Westmouth","Paid Ads","2025-04-03"
"1845","345","Amy Norman","East Michelle","Direct","2025-03-04"
"1846","346","Michael Scott","North Miketon","Paid Ads","2025-03-12"
"1847","347","Michael Brown","Mclaughlinbury","Referral","2026-02-16"
"1848","348","Amber Bridges","New Brianport","Instagram","2025-06-29"
"1849","349","Scott Walters","Richmondhaven","Paid Ads","2025-04-17"
"1850","350","Alexandra Patterson","Brewershire","Instagram","2026-09-06"
"1851","351","Catherine Vasquez","Port Morganborough","Direct","2025-11-15"
"1852","352","Melinda Donaldson","New Amyview","Organic Search","2025-05-27"
"1853","353","Jennifer Mccann","North Brittanybury","Referral","2025-02-27"
"1854","354","Justin Fisher","South Teresa","Referral","2025-02-12"
"1855","355","Tommy Wilson","North Rebeccaburgh","Referral","2026-02-14"
"1856","356","Lisa Young","North Jamesfurt","Instagram","2025-07-01"
"1857","357","Daniel Evans","Nicolebury","Direct","2025-01-01"
"1858","358","Ann Murphy","Monicaberg","Paid Ads","2026-08-23"
"1859","359","Eduardo Kim","Wadechester","Direct","2025-11-07"
"1860","360","Sarah Lewis","West Christinaview","Direct","2026-08-12"
"1861","361","Connie Jackson","Michaelberg","Instagram","2025-01-07"
"1862","362","Darrell Lawson","Cynthiaberg","Direct","2025-07-05"
"1863","363","John Gamble","South Dillon","Organic Search","2025-03-07"
"1864","364","Kristina Marquez","New Christopherville","Referral","2025-09-06"
"1865","365","Jason Morris","Shawstad","Paid Ads","2025-04-29"
"1866","366","Marcus Nelson","North Steven","Paid Ads","2026-06-21"
"1867","367","Stefanie Washington","West Maria","Instagram","2026-05-18"
"1868","368","Joseph Powers","Port Paul","Instagram","2025-04-16"
"1869","369","James Adams","Lake Curtis","Instagram","2026-02-15"
"1870","370","Olivia Owen","South Katiefurt","Referral","2025-04-07"
"1871","371","Lisa Hurley","North Edwardborough","Organic Search","2026-02-28"
"1872","372","Jennifer Perez","South Patricia","Direct","2026-04-23"
"1873","373","Kevin Hodges","West Jennifer","Paid Ads","2026-02-02"
"1874","374","Michael Williams","North Christine","Instagram","2026-09-02"
"1875","375","Valerie Keller","Turnershire","Instagram","2026-07-12"
"1876","376","Joseph Sims","Williambury","Referral","2025-08-27"
"1877","377","Donald Hamilton","West Jeremyton","Referral","2025-02-20"
"1878","378","Sandra Bradley","South William","Referral","2025-01-25"
"1879","379","Michelle Robbins","North Tylerton","Direct","2026-01-25"
"1880","380","Jennifer Cooper","Leonardtown","Instagram","2026-01-03"
"1881","381","Larry Taylor","Scottchester","Referral","2025-02-04"
"1882","382","Natalie Jacobs","Gregoryburgh","Organic Search","2026-03-21"
"1883","383","Rachel Munoz","North Luisville","Referral","2026-04-17"
"1884","384","John Bishop","Stephanieport","Instagram","2026-02-16"
"1885","385","Maria Johnson","Port Aaron","Instagram","2025-04-01"
"1886","386","Krista Williamson","Gamblemouth","Instagram","2026-05-18"
"1887","387","Gregory Harris","Beckhaven","Referral","2025-04-26"
"1888","388","Kevin Rodriguez","Port Mallorymouth","Instagram","2026-05-12"
"1889","389","Adrienne Wells","Amandafurt","Direct","2025-08-29"
"1890","390","Lauren Doyle","South Melissamouth","Instagram","2025-09-01"
"1891","391","Thomas Martinez","Scotthaven","Organic Search","2025-01-11"
"1892","392","Linda Williamson","Isaiahfurt","Instagram","2025-07-04"
"1893","393","Tabitha Daniels","Lake Teresastad","Organic Search","2025-07-20"
"1894","394","John Mejia","Terribury","Organic Search","2025-04-29"
"1895","395","Julie Jones","Paceborough","Referral","2025-10-29"
"1896","396","Jacqueline Baker","Millertown","Instagram","2025-07-29"
"1897","397","Chelsea Fields","Craigburgh","Organic Search","2026-09-07"
"1898","398","Laurie Fitzgerald","South Zacharyside","Direct","2025-06-07"
"1899","399","Kayla Bryant","Lake Jamestown","Paid Ads","2025-12-14"
"1900","400","Jonathan Livingston","South Barbarahaven","Direct","2025-04-11"
"1901","401","Steven Hampton","Barberchester","Referral","2026-06-29"
"1902","402","Cynthia Cabrera","Claytonfort","Referral","2025-04-21"
"1903","403","Chad Davis","Wagnerview","Organic Search","2026-06-18"
"1904","404","Thomas Williams","South Susanborough","Organic Search","2025-01-29"
"1905","405","Marc Sloan","Lake Luishaven","Referral","2026-05-02"
"1906","406","Christian Brock","Ewingburgh","Referral","2026-09-13"
"1907","407","Sarah Mcclure","Oneillborough","Organic Search","2026-03-27"
"1908","408","Mercedes Meadows","Port Wesleytown","Direct","2026-02-10"
"1909","409","Kristi Dixon","Robertston","Direct","2025-11-20"
"1910","410","Thomas Frazier","Elainefort","Organic Search","2026-08-10"
"1911","411","Barbara Thomas","Port Ashley","Direct","2026-03-12"
"1912","412","Jessica Cook","Leeville","Referral","2025-07-24"
"1913","413","Curtis Williams","Lake Joshuachester","Referral","2025-10-20"
"1914","414","Erin Garza","Andrewhaven","Direct","2025-07-16"
"1915","415","April Miranda","West Brandy","Referral","2025-04-14"
"1916","416","Anthony Ramsey","Melissafurt","Organic Search","2026-08-29"
"1917","417","William Newton","Mirandahaven","Organic Search","2025-04-20"
"1918","418","Ann Taylor","Brownborough","Instagram","2025-07-09"
"1919","419","Jeffery Boone","Browningfort","Direct","2025-04-29"
"1920","420","Justin Davis","Davidchester","Direct","2026-07-09"
"1921","421","Kathleen Norris","Samanthashire","Direct","2025-10-06"
"1922","422","John Martin","Dianestad","Paid Ads","2025-10-02"
"1923","423","Laura Williams","South Richardtown","Direct","2026-08-25"
"1924","424","Michael Brown","Kelleybury","Organic Search","2026-02-03"
"1925","425","Adam Weber","Danielside","Organic Search","2025-11-04"
"1926","426","Charles Clark","South Kylehaven","Instagram","2025-09-26"
"1927","427","Zachary Patterson","Lake Jamesmouth","Instagram","2026-05-26"
"1928","428","Ryan Skinner","Torresside","Organic Search","2025-08-08"
"1929","429","Allen Steele","New Williamview","Organic Search","2025-05-10"
"1930","430","Casey Jones","New Elizabethstad","Direct","2025-01-18"
"1931","431","Barry Turner","New Susanbury","Instagram","2025-02-18"
"1932","432","Ashley Landry","North Destiny","Paid Ads","2025-07-30"
"1933","433","Norma Brown","Lake Amy","Direct","2025-10-31"
"1934","434","Danielle Allison","South Jacobborough","Paid Ads","2025-07-31"
"1935","435","Andrew Clark","Grayfort","Direct","2026-07-12"
"1936","436","William Lambert","Hillville","Direct","2025-07-21"
"1937","437","Jacqueline Estrada","Mooreport","Instagram","2025-07-08"
"1938","438","Christina Moore","Georgemouth","Instagram","2025-05-13"
"1939","439","Ronald Jackson","Anamouth","Organic Search","2025-10-08"
"1940","440","Daniel Mcdaniel","Gonzalezstad","Direct","2025-08-24"
"1941","441","Walter Hines","Katrinaborough","Instagram","2026-09-08"
"1942","442","Billy Hall","Jeremyland","Organic Search","2026-08-29"
"1943","443","Haley Bowman","Davisburgh","Instagram","2025-02-05"
"1944","444","Mary Walker","North Barbaraside","Referral","2025-10-26"
"1945","445","Cheryl Andersen","Port Ericmouth","Organic Search","2025-04-12"
"1946","446","Lisa Knight","Conwaystad","Referral","2025-04-18"
"1947","447","Michael Sanders","Lihaven","Instagram","2025-08-15"
"1948","448","Christina Stewart","Hudsontown","Instagram","2025-04-03"
"1949","449","Robin Parrish","Johnsonchester","Direct","2025-05-21"
"1950","450","Anne Herrera","Lake Jerry","Instagram","2025-07-07"
"1951","451","Abigail Maldonado","New Johnathan","Direct","2025-08-09"
"1952","452","William Webb","Myersmouth","Paid Ads","2025-01-23"
"1953","453","Peter Manning","Richardburgh","Organic Search","2026-06-21"
"1954","454","Ryan Smith","Popeburgh","Paid Ads","2026-09-17"
"1955","455","Nicole Wright","Princeton","Organic Search","2025-08-01"
"1956","456","Olivia Newman","Gonzalezhaven","Instagram","2026-09-13"
"1957","457","Daniel Collins","Port Robert","Paid Ads","2026-09-14"
"1958","458","Nicholas Allen","Lake Michael","Organic Search","2025-07-03"
"1959","459","Kim Lopez","Brendaton","Referral","2025-11-13"
"1960","460","Joseph Mccarty","Port Benjamin","Referral","2026-02-10"
"1961","461","Pam Martin","Nathanbury","Paid Ads","2025-11-21"
"1962","462","Stephen Benton","Wisehaven","Instagram","2025-10-03"
"1963","463","Andrew Thompson","Candaceville","Instagram","2026-09-01"
"1964","464","Kelly Bray","West Kellyborough","Direct","2025-10-09"
"1965","465","Michael Farrell","Christophermouth","Instagram","2025-07-21"
"1966","466","Michael Harris","East Tiffanyview","Direct","2026-05-24"
"1967","467","Katie Ray","New Sarah","Organic Search","2026-06-03"
"1968","468","Jared Ramirez","East Christopherstad","Direct","2025-06-04"
"1969","469","Sherry Pope","South Paul","Organic Search","2025-03-19"
"1970","470","Angela Patrick","South John","Referral","2026-09-05"
"1971","471","Rodney Rodriguez","Port Kristiton","Paid Ads","2025-02-17"
"1972","472","Heather Soto","Angelahaven","Referral","2026-09-21"
"1973","473","Erika Zamora","Debrabury","Organic Search","2026-07-21"
"1974","474","James Mitchell","Lake Francesshire","Paid Ads","2025-08-24"
"1975","475","Pamela Henderson","Danieltown","Paid Ads","2026-06-07"
"1976","476","Rebecca Johnson","West Amytown","Organic Search","2026-03-16"
"1977","477","Brett Ryan","New Geraldmouth","Direct","2025-10-17"
"1978","478","Rebecca Jenkins","Yvonneport","Paid Ads","2025-06-26"
"1979","479","Nicholas Pena","Port Carlos","Referral","2025-05-10"
"1980","480","Christopher Wagner","Pamelaland","Direct","2025-02-07"
"1981","481","Derrick Miller","New Jefffurt","Referral","2025-12-15"
"1982","482","Ryan Johnson","Dunnmouth","Direct","2026-02-04"
"1983","483","Valerie Bailey","Ericburgh","Paid Ads","2025-02-06"
"1984","484","Abigail Morales","West Sethtown","Direct","2025-11-29"
"1985","485","Samuel Myers","North Ashleyfort","Direct","2026-02-19"
"1986","486","Samantha Leon","West Nicholasburgh","Paid Ads","2026-09-05"
"1987","487","Eric Carter","Port Cathyburgh","Paid Ads","2025-03-15"
"1988","488","Kristen Cunningham","Angelshire","Direct","2026-05-26"
"1989","489","Alvin Page","Kingchester","Referral","2025-08-17"
"1990","490","Jasmine Harrison","North Stephanie","Referral","2026-06-26"
"1991","491","Lisa Garrett","Maryburgh","Organic Search","2026-08-26"
"1992","492","Casey Graves","Victorfort","Referral","2025-09-07"
"1993","493","Matthew Porter","Coreyshire","Direct","2025-07-01"
"1994","494","Tiffany Taylor","Mccormicktown","Referral","2026-05-01"
"1995","495","James Russell","West Andrea","Direct","2026-01-12"
"1996","496","Katherine Powers","Mitchellborough","Referral","2025-01-19"
"1997","497","David Harris","Stephaniebury","Referral","2025-08-01"
"1998","498","Brittney Johnson","Kennethstad","Paid Ads","2026-09-16"
"1999","499","Trevor Green","Jamesmouth","Organic Search","2026-07-27"
"2000","500","George Brown","Hineschester","Paid Ads","2026-04-11"
